City_ID,City,Lat,Lng,Max Temp,Humidity,Cloudiness,Wind Speed,Country,Date
0,port-aux-francais,-49.35,70.2167,3.54,72,10,15.88,TF,1718010873
1,grytviken,-54.2811,-36.5092,-7.11,76,20,4.11,GS,1718010873
2,kidal,18.4411,1.4078,39.57,14,38,5.34,ML,1718010873
3,gadzhiyevo,69.2551,33.3362,10.91,72,80,5.72,RU,1718010873
4,cockburn town,21.4612,-71.1419,27.44,87,100,8.95,TC,1718010873
5,ballina,-28.8667,153.5667,12.1,64,0,6.18,AU,1718010873
6,nadi,-17.8,177.4167,24.0,69,40,3.6,FJ,1718010873
7,kaa-khem,51.6833,94.7333,24.11,38,61,4.52,RU,1718010873
8,adamstown,-25.066,-130.1015,22.24,79,42,6.05,PN,1718010873
9,edinburgh of the seven seas,-37.0676,-12.3116,11.63,66,98,10.83,SH,1718010873
10,boyolangu,-8.1181,111.8935,25.7,89,79,3.93,ID,1718010873
11,basco,20.4487,121.9702,29.14,74,18,4.45,PH,1718010873
12,hami,42.8,93.45,36.4,10,21,7.86,CN,1718010874
13,vorgashor,67.5833,63.95,2.11,96,100,3.38,RU,1718010874
14,bethel,41.3712,-73.414,14.93,84,0,2.6,US,1718010874
15,mocimboa,-11.3167,40.35,27.41,51,44,7.8,MZ,1718010874
16,san angelo,31.4638,-100.437,24.05,81,0,1.54,US,1718010807
17,flagstaff,35.1981,-111.6513,15.81,35,0,0.0,US,1718010874
18,chonchi,-42.6128,-73.8092,9.76,96,100,4.17,CL,1718010874
19,akureyri,65.6835,-18.0878,5.96,81,100,2.06,IS,1718010874
20,isafjordur,66.0755,-23.124,5.02,81,75,1.54,IS,1718010874
21,bilibino,68.0546,166.4372,12.9,44,99,0.38,RU,1718010874
22,albany,42.6001,-73.9662,13.19,87,2,2.44,US,1718010843
23,tazacorte,28.629,-17.9293,22.54,88,20,3.09,ES,1718010874
24,bredasdorp,-34.5322,20.0403,15.89,56,0,2.32,ZA,1718010874
25,ikauna,27.55,81.9667,47.25,6,6,7.01,IN,1718010874
26,waitangi,-43.9535,-176.5597,13.23,97,61,2.24,NZ,1718010875
27,maragogi,-9.0122,-35.2225,24.31,84,10,4.7,BR,1718010875
28,port mathurin,-19.6833,63.4167,24.41,81,23,9.27,MU,1718010875
29,iquitos,-3.7481,-73.2472,22.47,98,96,0.31,PE,1718010673
30,kapa'a,22.0752,-159.319,24.18,82,40,6.17,US,1718010875
31,nar'yan-mar,67.6713,53.087,5.06,60,97,3.13,RU,1718010875
32,hermanus,-34.4187,19.2345,17.11,55,0,3.35,ZA,1718010729
33,ta`u,-14.2336,-169.5144,26.83,72,100,12.13,AS,1718010875
34,holualoa,19.6228,-155.9522,24.91,88,100,3.6,US,1718010655
35,saipan,15.1355,145.701,29.39,79,40,6.69,MP,1718010875
36,puerto natales,-51.7236,-72.4875,1.24,99,100,0.96,CL,1718010875
37,kerikeri,-35.2268,173.9474,12.17,91,82,1.05,NZ,1718010875
38,constantia,44.1833,28.65,32.61,57,85,7.58,RO,1718010620
39,vilyuchinsk,52.9306,158.4028,17.15,76,99,3.36,RU,1718010875
40,lihue,21.9789,-159.3672,23.77,75,40,6.17,US,1718010875
41,uturoa,-16.7333,-151.4333,25.34,80,98,7.69,PF,1718010875
42,hawaiian paradise park,19.5933,-154.9731,22.73,87,100,0.0,US,1718010875
43,yulinshi,38.2906,109.7494,32.3,14,100,3.98,CN,1718010875
44,koulikoro,14.0,-7.75,34.0,34,69,5.75,ML,1718010875
45,stanley,54.868,-1.6985,10.98,77,40,6.69,GB,1718010876
46,ponta delgada,37.7333,-25.6667,19.4,68,75,2.57,PT,1718010876
47,kem',64.9555,34.5793,15.62,53,100,4.71,RU,1718010876
48,nadym,65.5333,72.5167,22.2,44,100,7.02,RU,1718010616
49,bichena,10.45,38.2,24.89,26,35,3.84,ET,1718010876
50,enewetak,11.3474,162.3373,28.12,83,97,7.19,MH,1718010876
51,lebu,-37.6167,-73.65,13.27,85,100,10.48,CL,1718010824
52,kalmunai,7.4167,81.8167,31.18,62,88,5.41,LK,1718010876
53,sarina,-21.4333,149.2167,18.12,1,0,1.57,AU,1718010876
54,sheregesh,52.9209,87.9869,24.98,48,79,3.18,RU,1718010852
55,klyuchi,52.2667,79.1667,32.37,33,51,1.98,RU,1718010876
56,blackmans bay,-43.0167,147.3167,6.96,83,100,2.52,AU,1718010876
57,ulsteinvik,62.3432,5.8487,13.2,85,99,3.13,NO,1718010876
58,olonkinbyen,70.9221,-8.7187,-1.42,94,98,7.18,SJ,1718010876
59,colonia,50.9333,6.95,16.09,68,20,2.57,DE,1718010876
60,vadso,70.0744,29.7487,8.49,81,100,10.29,NO,1718010876
61,longyearbyen,78.2186,15.6401,5.91,65,0,6.69,SJ,1718010876
62,natchez,31.5604,-91.4032,22.69,97,0,0.0,US,1718010877
63,olinda,-8.0089,-34.8553,26.85,74,40,6.69,BR,1718010877
64,moanda,-1.5575,13.2178,28.39,55,12,1.31,GA,1718010877
65,papatowai,-46.5619,169.4708,5.27,84,100,3.65,NZ,1718010877
66,qandala,11.472,49.8728,35.78,46,19,2.56,SO,1718010848
67,cold lake,54.4502,-110.2017,4.73,93,82,3.06,CA,1718010877
68,qaqortoq,60.7167,-46.0333,8.32,73,100,5.28,GL,1718010877
69,nemuro,43.3236,145.575,10.54,97,100,8.24,JP,1718010877
70,anadyr,64.75,177.4833,10.28,62,0,1.0,RU,1718010877
71,ar rudayyif,34.3827,8.1555,30.56,21,52,7.92,TN,1718010877
72,haiku-pauwela,20.9219,-156.3051,24.47,80,75,5.66,US,1718010721
73,reitz,-27.8014,28.4273,12.35,33,4,0.54,ZA,1718010732
74,talnakh,69.4865,88.3972,6.78,86,96,0.48,RU,1718010877
75,polyarnyy,69.1989,33.4478,12.21,67,84,4.02,RU,1718010790
76,saldanha,-33.0117,17.9442,20.35,42,0,6.95,ZA,1718010877
77,tazovsky,67.4667,78.7,13.15,47,11,6.3,RU,1718010877
78,laojunmiao,39.8333,97.7333,26.43,12,100,9.43,CN,1718010877
79,tikaitnagar,26.95,81.5833,47.16,7,6,6.59,IN,1718010877
80,al fallujah,33.3538,43.7795,41.94,7,0,4.21,IQ,1718010878
81,taree,-31.9,152.4667,12.26,82,65,2.02,AU,1718010878
82,urzhar,47.093,81.6294,32.17,34,32,1.08,KZ,1718010878
83,broome,42.2506,-75.833,12.0,89,75,3.09,US,1718010878
84,invercargill,-46.4,168.35,5.01,88,91,4.47,NZ,1718010878
85,belomorsk,64.5232,34.7668,17.66,38,89,4.73,RU,1718010878
86,de panne,51.0792,2.5917,14.03,87,75,9.26,BE,1718010878
87,west island,-12.1568,96.8225,27.99,83,75,6.69,CC,1718010878
88,petropavlovsk-kamchatsky,53.0452,158.6483,16.33,75,75,5.81,RU,1718010878
89,iqaluit,63.7506,-68.5145,0.39,74,100,1.79,CA,1718010878
90,tiksi,71.6872,128.8694,2.21,85,42,3.87,RU,1718010878
91,aasiaat,68.7098,-52.8699,0.36,80,91,4.42,GL,1718010878
92,hasaki,35.7333,140.8333,22.38,78,100,3.15,JP,1718010878
93,wuchuan,21.4571,110.7659,29.53,78,54,5.23,CN,1718010878
94,northam,51.0333,-4.2167,13.7,72,67,8.11,GB,1718010878
95,yellowknife,62.456,-114.3525,13.01,76,96,1.12,CA,1718010878
96,suwayr,30.1171,40.3893,35.52,14,0,5.67,SA,1718010879
97,lompoc,34.6391,-120.4579,13.9,92,100,5.14,US,1718010879
98,horby,50.0468,32.4907,26.02,59,96,6.94,UA,1718010879
99,thompson,55.7435,-97.8558,5.56,67,1,1.83,CA,1718010879
100,taihecun,45.8,130.85,22.33,62,55,1.08,CN,1718010879
101,puerto ayora,-0.7393,-90.3518,21.97,96,100,2.69,EC,1718010879
102,st ives,50.2086,-5.4875,13.24,71,20,8.75,GB,1718010879
103,crescent city,41.756,-124.2018,12.63,94,100,2.06,US,1718010879
104,jamestown,42.097,-79.2353,12.77,100,75,2.06,US,1718010750
105,alpena,45.0617,-83.4327,10.62,93,0,3.09,US,1718010879
106,al qusayr,34.5091,36.5798,31.92,29,0,10.32,SY,1718010879
107,armacao de buzios,-22.7469,-41.8817,21.03,85,77,7.11,BR,1718010879
108,zeya,53.75,127.2667,20.27,46,100,3.45,RU,1718010879
109,yuzhno-kurilsk,44.0306,145.8556,11.32,93,100,4.05,RU,1718010879
110,villa gesell,-37.2639,-56.973,11.63,91,100,5.06,AR,1718010610
111,castellaneta,40.6272,16.9369,31.02,25,100,7.5,IT,1718010879
112,taitung city,22.7583,121.1444,31.15,79,40,4.12,TW,1718010880
113,port-cartier,50.0334,-66.8654,10.42,86,100,4.18,CA,1718010880
114,lata,40.1629,-8.3327,19.21,70,100,2.63,PT,1718010880
115,udachny,66.4167,112.4,21.36,32,61,5.02,RU,1718010880
116,parkes,-33.1333,148.1833,7.97,78,9,1.95,AU,1718010880
117,tynda,55.1667,124.7167,18.78,53,89,2.32,RU,1718010880
118,alice springs,-23.7,133.8833,18.75,34,0,2.57,AU,1718010880
119,aweil,8.7682,27.4002,32.69,44,100,2.58,SS,1718010880
120,vila franca do campo,37.7167,-25.4333,19.23,99,100,2.64,PT,1718010824
121,falesti,47.5736,27.7092,28.9,53,67,3.62,MD,1718010880
122,tindouf,27.6711,-8.1474,24.26,33,0,8.97,DZ,1718010880
123,tofol,5.3248,163.0078,29.17,75,16,7.3,FM,1718010880
124,saint-philippe,-21.3585,55.7679,26.77,80,45,6.07,RE,1718010880
125,medina,24.4686,39.6142,42.24,5,0,2.57,SA,1718010880
126,jijel,36.8205,5.7667,27.28,36,82,3.5,DZ,1718010880
127,tarawa,1.419,172.984,29.05,89,75,3.6,KI,1718010880
128,howrah,22.5892,88.3103,37.0,63,20,5.66,IN,1718010881
129,margaret river,-33.95,115.0667,16.42,54,100,10.21,AU,1718010881
130,kodiak,57.79,-152.4072,6.73,100,100,6.69,US,1718010881
131,valdepenas,38.7621,-3.3848,18.8,59,0,2.01,ES,1718010881
132,tsiombe,-25.3,45.4833,21.12,56,59,7.44,MG,1718010881
133,kayangel,8.0823,134.7173,29.18,73,56,2.57,PW,1718010881
134,happy valley-goose bay,53.3168,-60.3315,10.2,91,93,2.77,CA,1718010881
135,balkanabat,39.5108,54.3671,38.2,17,21,2.96,TM,1718010881
136,st. john's,47.5649,-52.7093,12.31,95,99,1.79,CA,1718010757
137,sestri levante,44.2732,9.3968,23.79,93,28,1.34,IT,1718010881
138,avarua,-21.2078,-159.775,22.03,64,40,4.12,CK,1718010881
139,port hedland,-20.3167,118.5667,26.03,38,0,5.66,AU,1718010881
140,the bottom,17.6259,-63.2492,26.31,81,34,7.55,BQ,1718010881
141,kirando,-7.4167,30.6,24.98,54,5,6.8,TZ,1718010881
142,mandalgovi,45.7625,106.2708,27.31,19,72,6.78,MN,1718010881
143,luderitz,-26.6481,15.1594,24.49,32,21,4.61,NA,1718010881
144,whitehorse,60.7161,-135.0538,11.56,39,69,1.79,CA,1718010881
145,sao vicente,-23.9631,-46.3919,18.32,26,87,3.43,BR,1718010607
146,bodaybo,57.8506,114.1933,20.82,50,28,3.32,RU,1718010706
147,fortuna,40.5982,-124.1573,12.19,96,100,2.06,US,1718010851
148,namibe,-15.1961,12.1522,24.55,64,2,2.26,AO,1718010882
149,faget,45.85,22.1833,22.4,83,99,2.03,RO,1718010882
150,scottburgh,-30.2867,30.7532,20.41,40,1,3.58,ZA,1718010882
151,port elizabeth,-33.918,25.5701,21.72,68,0,1.54,ZA,1718010732
152,wailua homesteads,22.0669,-159.378,23.44,82,40,6.17,US,1718010882
153,faya-largeau,17.9257,19.1043,38.07,18,3,2.44,TD,1718010882
154,klaksvik,62.2266,-6.589,5.51,78,100,11.97,FO,1718010882
155,fort bragg,35.139,-79.006,21.22,90,75,1.34,US,1718010592
156,jasper,37.2001,-94.3502,15.01,91,0,0.0,US,1718010882
157,lazaro cardenas,17.9583,-102.2,25.43,77,100,1.21,MX,1718010882
158,sinan,34.8262,126.1086,19.48,85,0,5.09,KR,1718010882
159,howard springs,-12.497,131.047,28.95,70,67,2.16,AU,1718010882
160,yakeshi,49.2833,120.7333,22.76,48,90,5.6,CN,1718010882
161,college,64.8569,-147.8028,21.99,42,75,3.6,US,1718010882
162,anori,-3.7728,-61.6442,23.77,96,100,0.89,BR,1718010882
163,mbandaka,0.0487,18.2603,27.77,63,93,1.17,CD,1718010882
164,east london,-33.0153,27.9116,20.44,39,2,1.03,ZA,1718010883
165,laohekou,32.3858,111.6678,34.83,29,86,2.71,CN,1718010883
166,gaspar hernandez,19.6289,-70.2811,25.03,92,100,2.43,DO,1718010883
167,ushuaia,-54.8,-68.3,-6.73,96,43,1.44,AR,1718010883
168,georgetown,5.4112,100.3354,32.96,62,20,3.6,MY,1718010843
169,hithadhoo,-0.6,73.0833,28.85,73,100,3.81,MV,1718010883
170,ribeira grande,38.5167,-28.7,20.43,73,20,6.17,PT,1718010883
171,tual,-5.6667,132.75,26.88,84,30,8.98,ID,1718010883
172,codrington,-38.2667,141.9667,14.47,63,100,7.54,AU,1718010883
173,verkhnevilyuysk,63.4453,120.3167,24.87,32,12,1.12,RU,1718010883
174,nuuk,64.1835,-51.7216,6.34,93,100,3.09,GL,1718010660
175,shatsk,54.0258,41.7119,20.92,54,67,2.27,RU,1718010883
176,saudarkrokur,65.7461,-19.6394,4.61,78,100,0.42,IS,1718010883
177,bangassou,4.7413,22.8184,26.97,65,100,1.76,CF,1718010883
178,sorong,-0.8833,131.25,27.84,77,100,1.8,ID,1718010883
179,palu,-0.8917,119.8707,28.08,93,83,0.85,ID,1718010884
180,touros,-5.1989,-35.4608,23.96,87,28,5.39,BR,1718010884
181,konstantinovka,49.6167,127.9833,19.59,61,99,6.33,RU,1718010884
182,pacific grove,36.6177,-121.9166,14.12,89,100,4.12,US,1718010884
183,ilulissat,69.2167,-51.1,1.01,80,75,4.12,GL,1718010884
184,glace bay,46.1969,-59.957,14.32,98,100,5.66,CA,1718010884
185,makrana,27.05,74.7167,42.94,11,13,4.08,IN,1718010884
186,mangrol,21.1167,70.1167,31.08,69,100,8.13,IN,1718010884
187,punta del este,-34.9667,-54.95,13.31,94,0,4.47,UY,1718010702
188,fairfield,41.2668,-73.3162,15.36,84,0,1.54,US,1718010884
189,moyale,3.5167,39.0584,23.95,55,36,6.73,KE,1718010884
190,newman,37.3138,-121.0208,18.13,72,0,2.68,US,1718010884
191,margate,51.3813,1.3862,12.39,85,100,4.92,GB,1718010827
192,gamba,-2.65,10.0,26.2,71,9,2.68,GA,1718010884
193,susuman,62.7833,148.1667,10.55,36,89,0.89,RU,1718010605
194,sur,22.5667,59.5289,35.56,40,0,4.89,OM,1718010885
195,ashburton,-37.8626,145.0794,12.57,68,100,1.79,AU,1718010885
196,mokhotlong,-29.2894,29.0675,10.19,25,5,0.74,LS,1718010885
197,rockport,28.0206,-97.0544,29.03,82,75,5.14,US,1718010885
198,nanzhang chengguanzhen,31.7839,111.8275,33.3,35,79,2.43,CN,1718010885
199,egilsstadir,65.2653,-14.3948,5.43,75,100,2.64,IS,1718010885
200,richfield,44.8833,-93.283,12.96,83,0,2.57,US,1718010705
201,kodinsk,58.6881,99.1844,20.24,51,99,2.2,RU,1718010885
202,san juan de uraba,8.7592,-76.5297,24.65,93,76,1.75,CO,1718010885
203,paola,39.3599,16.0396,32.61,59,9,3.63,IT,1718010885
204,coquimbo,-29.9533,-71.3436,12.85,86,75,1.54,CL,1718010885
205,minab,27.1467,57.0801,39.78,25,0,6.04,IR,1718010885
206,karyes,37.3,22.5,23.81,27,32,2.47,GR,1718010885
207,sitka,57.0531,-135.33,10.94,76,100,2.57,US,1718010885
208,westport,41.1415,-73.3579,16.16,81,0,1.54,US,1718010627
209,el granada,37.5027,-122.4694,14.48,91,100,5.14,US,1718010885
210,ploneour-lanvern,47.9,-4.2833,15.18,77,100,5.66,FR,1718010886
211,tura,25.5198,90.2201,32.76,64,33,2.96,IN,1718010886
212,mossel bay,-34.1831,22.146,22.96,52,0,2.39,ZA,1718010886
213,dalai,45.5,124.3,30.44,32,12,6.9,CN,1718010886
214,ivdel',60.6911,60.4206,21.77,60,48,2.68,RU,1718010886
215,nagqu,31.5,92.0,13.04,44,100,5.49,CN,1718010886
216,ghanzi,-21.5667,21.7833,17.77,37,0,6.52,BW,1718010886
217,punta arenas,-53.15,-70.9167,1.06,93,75,1.54,CL,1718010651
218,rio grande,-32.035,-52.0986,16.64,96,4,3.14,BR,1718010886
219,rothenburg ob der tauber,49.3833,10.1833,19.56,53,20,3.09,DE,1718010886
220,krasnoshchekovo,51.6708,82.7289,25.96,73,98,2.45,RU,1718010886
221,carnarvon,-24.8667,113.6333,21.41,69,100,3.96,AU,1718010668
222,la'ie,21.6477,-157.9253,26.98,79,99,4.02,US,1718010886
223,hamilton,39.1834,-84.5333,16.24,82,0,2.57,US,1718010886
224,pisco,-13.7,-76.2167,14.84,92,25,1.81,PE,1718010841
225,praia da vitoria,38.7333,-27.0667,20.42,78,100,3.78,PT,1718010886
226,thunder bay,48.4001,-89.3168,4.78,72,4,2.57,CA,1718010782
227,kota kinabalu,5.9749,116.0724,30.99,70,20,1.03,MY,1718010809
228,okuta,9.2167,3.1833,27.9,67,100,4.44,NG,1718010886
229,wuwei,37.9281,102.6414,29.89,12,100,3.0,CN,1718010887
230,nguigmi,14.2495,13.1092,36.86,26,64,9.23,NE,1718010887
231,comodoro rivadavia,-45.8667,-67.5,6.69,87,86,2.58,AR,1718010887
232,vikulovo,56.8167,70.6107,17.25,94,100,5.03,RU,1718010887
233,antonina,-25.4286,-48.7119,22.07,76,32,1.19,BR,1718010887
234,kamyaran,34.7956,46.9355,32.73,15,62,10.84,IR,1718010887
235,badger,64.8,-147.5333,21.95,50,75,3.6,US,1718010887
236,salalah,17.0151,54.0924,33.05,75,40,7.72,OM,1718010887
237,sosnovo-ozerskoye,52.5249,111.5418,16.87,61,90,3.73,RU,1718010887
238,ciudad lazaro cardenas,17.9583,-102.2,25.43,77,100,1.21,MX,1718010882
239,san antonio,29.4241,-98.4936,25.18,91,0,2.57,US,1718010812
240,bantogon,6.5333,124.0333,28.33,82,93,3.58,PH,1718010887
241,harnai,30.1005,67.9374,37.57,9,6,8.73,PK,1718010887
242,fonte boa,-2.4959,-66.2662,22.63,99,90,1.11,BR,1718010887
243,balcarce,-37.8462,-58.2552,10.78,89,100,2.24,AR,1718010887
244,castillos,-34.1667,-53.8333,13.62,88,100,3.82,UY,1718010800
245,acajutla,13.5928,-89.8275,26.58,81,100,2.02,SV,1718010887
246,san ignacio de velasco,-16.3667,-60.95,16.83,64,0,1.79,BO,1718010888
247,alamogordo,32.8995,-105.9603,20.64,45,0,3.6,US,1718010663
248,ust-nera,64.5667,143.2,14.79,28,99,0.25,RU,1718010888
249,port lincoln,-34.7333,135.8667,17.23,54,100,2.0,AU,1718010888
250,puerto aysen,-45.4,-72.7,6.25,99,100,0.97,CL,1718010888
251,adre,13.4667,22.2,30.26,42,98,5.92,TD,1718010888
252,dukhan,25.4297,50.7858,34.44,46,0,3.51,QA,1718010888
253,ouallam,14.3188,2.0866,33.39,44,37,8.0,NE,1718010888
254,sinabang,2.4803,96.3801,30.32,66,91,2.05,ID,1718010888
255,lengshuijiang,27.6881,111.4294,24.19,91,100,1.14,CN,1718010888
256,jiangzi,28.95,89.6333,18.13,17,2,4.64,CN,1718010888
257,dudinka,69.4058,86.1778,7.04,69,43,2.68,RU,1718010612
258,murashi,59.3999,48.9615,21.21,35,36,3.3,RU,1718010888
259,grand falls-windsor,48.9332,-55.6649,10.84,95,88,2.18,CA,1718010888
260,qui nhon,13.7667,109.2333,31.05,70,100,4.9,VN,1718010724
261,zouerate,22.7187,-12.4521,26.77,36,5,5.05,MR,1718010888
262,selfoss,63.9331,-20.9971,11.14,58,0,2.24,IS,1718010888
263,kamennogorsk,60.9545,29.1339,14.19,65,90,5.87,RU,1718010888
264,sao gabriel da cachoeira,-0.1303,-67.0892,22.11,99,67,0.4,BR,1718010889
265,goias,-15.5807,-49.6362,15.87,69,97,1.2,BR,1718010737
266,cabo san lucas,22.8909,-109.9124,24.61,83,0,5.78,MX,1718010889
267,ascension,30.2169,-90.9001,25.6,94,0,0.0,US,1718010889
268,at-bashi,41.1702,75.8106,22.69,29,43,1.79,KG,1718010889
269,mahajanga,-15.7167,46.3167,28.79,46,9,4.89,MG,1718010889
270,utrik,11.2278,169.8474,28.32,81,61,8.9,MH,1718010889
271,ola,59.5833,151.2833,12.3,84,3,2.49,RU,1718010889
272,nantucket,41.2835,-70.0995,17.03,100,20,4.63,US,1718010745
273,khandyga,62.6667,135.6,15.55,68,100,1.72,RU,1718010889
274,mitu,1.1983,-70.1733,21.58,98,100,0.13,CO,1718010889
275,palma sola,-23.9634,-64.2987,14.33,67,88,1.69,AR,1718010889
276,ancud,-41.8697,-73.8203,10.49,92,100,6.7,CL,1718010889
277,san patricio,28.017,-97.5169,28.94,90,2,3.13,US,1718010889
278,nuku'alofa,-21.1333,-175.2,22.19,73,40,3.6,TO,1718010812
279,kuanda,56.3161,116.0806,20.59,39,52,1.54,RU,1718010890
280,remire-montjoly,4.9167,-52.2667,23.02,100,100,0.0,GF,1718010890
281,kavaratti,10.5669,72.642,28.25,84,100,7.69,IN,1718010890
282,mili,6.0815,171.735,28.91,81,54,8.0,MH,1718010890
283,coahuayana de hidalgo,18.7,-103.6583,22.22,90,60,1.65,MX,1718010890
284,ambon,-3.6954,128.1814,27.15,95,75,2.06,ID,1718010890
285,carbonear,47.7332,-53.2148,12.56,95,100,4.14,CA,1718010749
286,sievi,63.9,24.5,12.75,63,98,3.92,FI,1718010890
287,weatherford,32.7593,-97.7972,24.56,85,100,1.34,US,1718010757
288,kasungu,-13.0333,33.4833,18.06,60,99,2.68,MW,1718010890
289,mount isa,-20.7333,139.5,17.87,39,5,1.54,AU,1718010890
290,mount pearl,47.5166,-52.7813,11.85,95,75,3.13,CA,1718010890
291,saldus,56.6636,22.4881,16.01,59,88,5.92,LV,1718010890
292,mount gambier,-37.8333,140.7667,14.15,65,100,5.61,AU,1718010890
293,malabar,-33.9667,151.25,13.4,74,0,3.6,AU,1718010890
294,khorinsk,52.1657,109.7726,21.5,53,95,3.61,RU,1718010891
295,moyynkum,44.2914,72.9469,37.12,15,46,4.8,KZ,1718010891
296,sao miguel do araguaia,-13.275,-50.1628,20.14,57,89,2.75,BR,1718010891
297,bela,25.9333,81.9833,47.2,7,0,5.15,IN,1718010891
298,aykhal,66.0,111.5,22.93,25,92,3.86,RU,1718010782
299,villamontes,-21.25,-63.5,15.26,74,19,1.45,BO,1718010891
300,guarapari,-20.6667,-40.4975,18.85,81,7,3.11,BR,1718010891
301,gisborne,-38.6533,178.0042,14.69,86,100,3.74,NZ,1718010891
302,bamboo flat,11.7,92.7167,28.05,83,100,3.09,IN,1718010891
303,la ronge,55.1001,-105.2842,6.84,86,100,2.04,CA,1718010891
304,katrineholm,58.9959,16.2072,13.18,67,100,6.13,SE,1718010891
305,ponoka,52.6768,-113.5815,6.05,83,100,2.62,CA,1718010891
306,marsa alam,25.0757,34.8918,33.2,38,0,8.04,EG,1718010891
307,fuerte olimpo,-21.0415,-57.8738,20.21,56,2,2.39,PY,1718010891
308,olyokminsk,60.3736,120.4264,23.87,36,76,1.05,RU,1718010891
309,la sarre,48.8002,-79.1996,1.73,96,100,5.64,CA,1718010891
310,old saybrook,41.2918,-72.3762,16.69,90,0,0.0,US,1718010891
311,revda,56.801,59.9303,20.03,65,64,5.24,RU,1718010892
312,volchikha,52.0333,80.3833,31.1,40,68,1.34,RU,1718010892
313,masterton,-40.9597,175.6575,11.6,96,100,0.75,NZ,1718010892
314,burabay,53.0838,70.3138,20.73,73,100,5.6,KZ,1718010892
315,abra pampa,-22.7205,-65.697,1.54,22,33,0.35,AR,1718010892
316,ceylanpinar,36.8472,40.05,37.1,15,78,5.1,TR,1718010892
317,dampit,-8.2116,112.7493,24.5,92,100,1.95,ID,1718010892
318,salinas,36.6777,-121.6555,14.35,91,100,5.14,US,1718010606
319,kotido,2.9806,34.1331,26.54,53,8,3.95,UG,1718010892
320,vila do maio,15.1333,-23.2167,24.44,80,100,6.81,CV,1718010892
321,fale old settlement,-9.3852,-171.2468,28.43,79,54,8.66,TK,1718010892
322,dunedin,-45.8742,170.5036,7.67,84,84,6.71,NZ,1718010892
323,charters towers,-20.1,146.2667,18.39,35,18,4.41,AU,1718010892
324,chillicothe,39.3331,-82.9824,15.03,93,40,0.0,US,1718010655
325,lenggries,47.6833,11.5667,15.83,97,100,0.82,DE,1718010893
326,muriti,-1.9833,32.9167,23.55,59,92,5.96,TZ,1718010893
327,oak park,41.885,-87.7845,13.09,85,100,4.63,US,1718010893
328,zaidpur,26.8333,81.3333,43.04,7,26,6.52,IN,1718010893
329,namsos,64.4662,11.4957,10.95,76,75,1.03,NO,1718010893
330,prado,-17.3411,-39.2208,24.47,61,100,1.8,BR,1718010893
331,maracacume,-2.0428,-45.9592,22.8,97,96,1.36,BR,1718010893
332,quellon,-43.1167,-73.6167,9.9,94,100,8.3,CL,1718010893
333,araci,-11.3333,-38.9667,20.64,94,95,1.19,BR,1718010893
334,pariaman,-0.619,100.12,32.03,69,61,2.5,ID,1718010893
335,weno,7.4515,151.8468,26.97,89,100,2.06,FM,1718010893
336,anchorage,61.2181,-149.9003,13.75,60,75,2.06,US,1718010893
337,juan griego,11.0817,-63.9655,25.58,89,47,4.13,VE,1718010893
338,atafu village,-8.5421,-172.5159,28.42,79,46,7.64,TK,1718010893
339,saint-denis,48.9167,2.3333,17.77,67,75,6.17,FR,1718010893
340,wichian buri,15.6578,101.106,28.99,76,100,6.18,TH,1718010894
341,nyrob,60.733,56.7202,19.49,46,100,4.41,RU,1718010894
342,nejo,9.5,35.5,20.71,76,100,1.14,ET,1718010894
343,mao,39.8885,4.2658,23.31,83,40,4.12,ES,1718010894
344,vanimo,-2.6741,141.3028,27.59,85,14,2.77,PG,1718010894
345,manokwari,-0.8667,134.0833,27.98,75,92,1.43,ID,1718010894
346,wenshui,28.4506,106.5267,23.22,77,92,1.37,CN,1718010788
347,pyt-yakh,60.7499,72.8582,23.14,26,100,3.47,RU,1718010894
348,machico,32.7,-16.7667,22.62,83,75,5.14,PT,1718010894
349,lagoa,39.05,-27.9833,17.98,74,98,3.43,PT,1718010894
350,itoman,26.1247,127.6694,25.22,96,75,4.63,JP,1718010894
351,harper,4.375,-7.7169,26.54,85,83,3.34,LR,1718010894
352,tolanaro,-25.0319,46.9987,19.32,76,95,4.07,MG,1718010894
353,umba,66.6871,34.3429,7.07,92,100,6.53,RU,1718010894
354,egersund,58.4513,5.9997,11.72,82,100,11.96,NO,1718010894
355,shakawe,-18.3667,21.85,22.02,35,7,4.7,BW,1718010894
356,ciudad constitucion,25.0369,-111.6644,17.23,79,0,4.82,MX,1718010895
357,hurricane,37.1753,-113.2899,25.18,32,58,0.45,US,1718010895
358,buka,40.8108,69.1986,38.26,13,78,2.96,UZ,1718010689
359,guerrero negro,27.9769,-114.0611,15.34,92,24,4.61,MX,1718010634
360,marsh harbour,26.5412,-77.0636,28.12,74,53,6.27,BS,1718010895
361,sandnessjoen,66.0217,12.6316,11.29,82,75,5.14,NO,1718010895
362,angaur state,6.906,134.13,29.29,69,69,0.89,PW,1718010895
363,alegre,-20.7636,-41.5331,15.15,90,32,1.45,BR,1718010895
364,hammerfest,70.6634,23.6821,15.25,63,0,2.57,NO,1718010895
365,afaahiti,-17.75,-149.2833,22.93,83,94,6.56,PF,1718010895
366,kadugli,11.0167,29.7167,32.7,40,67,4.17,SD,1718010895
367,bardai,11.65,7.2333,28.48,58,5,7.23,NG,1718010895
368,san antonio de pale,-1.4014,5.6325,24.47,81,58,5.67,GQ,1718010895
369,shuangjiang,26.1547,109.7138,22.12,97,100,0.5,CN,1718010790
370,krasnyy chikoy,50.3643,108.7512,19.69,64,81,4.16,RU,1718010895
371,leninskoye,41.7589,69.3864,35.21,14,73,6.27,KZ,1718010895
372,okhotsk,59.3833,143.3,7.12,83,29,2.3,RU,1718010895
373,ternate,0.8,127.4,27.17,81,100,0.76,ID,1718010895
374,hornell,42.3279,-77.6611,12.0,96,92,0.45,US,1718010896
375,al burayqah,30.4062,19.5739,28.93,38,0,1.1,LY,1718010896
376,piti village,13.4626,144.6933,29.49,85,0,4.12,GU,1718010896
377,axim,4.8699,-2.2405,26.76,85,100,3.72,GH,1718010896
378,tumsar,21.3833,79.7333,40.41,28,4,4.57,IN,1718010896
379,madinat ash shamal,26.1293,51.2009,36.82,41,0,3.38,QA,1718010738
380,pavlovka,52.6897,47.1405,24.83,57,24,3.47,RU,1718010896
381,tangalle,6.024,80.7911,33.09,69,50,7.53,LK,1718010896
382,monrovia,6.3005,-10.7969,26.87,81,99,0.7,LR,1718010896
383,pont rouge,48.8833,-72.0825,13.16,97,100,1.77,CA,1718010896
384,geraldton,-28.7667,114.6,19.23,82,75,2.06,AU,1718010896
385,pleszew,51.8964,17.7855,18.72,60,100,3.76,PL,1718010896
386,bengkulu,-3.8004,102.2655,29.23,71,41,2.71,ID,1718010896
387,nouadhibou,20.931,-17.0347,22.99,68,53,9.26,MR,1718010896
388,nikolayevsk-on-amure,53.1406,140.73,10.12,97,100,1.79,RU,1718010896
389,sibu,2.3,111.8167,26.03,95,97,1.57,MY,1718010896
390,okahandja,-21.9833,16.9167,19.24,42,87,9.83,NA,1718010897
391,point pedro,9.8167,80.2333,30.03,74,100,9.35,LK,1718010897
392,pyu,18.4833,96.4333,32.33,68,87,4.01,MM,1718010897
393,reconquista,-29.15,-59.65,17.17,84,44,3.63,AR,1718010897
394,vredendal,-31.6683,18.5012,22.82,33,0,12.85,ZA,1718010897
395,andalgala,-27.5819,-66.3165,14.4,42,0,1.11,AR,1718010897
396,mandan,46.8267,-100.8896,12.2,80,20,4.12,US,1718010897
397,gobabis,-22.45,18.9667,18.31,40,12,9.12,NA,1718010897
398,yarkovo,57.4028,67.0786,13.6,98,100,3.11,RU,1718010897
399,kankan,10.3854,-9.3057,25.79,77,99,3.54,GN,1718010897
400,arkhangel'sk,64.5401,40.5433,19.06,52,75,7.0,RU,1718010765
401,cabedelo,-6.9811,-34.8339,23.37,80,49,6.78,BR,1718010897
402,aswan,24.0934,32.907,38.18,10,0,5.98,EG,1718010897
403,newnham,-41.3833,147.1333,7.04,87,57,3.6,AU,1718010897
404,martapura,-3.4167,114.85,29.25,81,42,0.95,ID,1718010897
405,shache,38.4167,77.2406,30.72,19,5,2.28,CN,1718010897
406,bomdila,27.25,92.4,14.19,88,78,1.83,IN,1718010810
407,karbala,32.616,44.0249,45.25,6,0,5.19,IQ,1718010898
408,lautoka,-17.6167,177.4667,23.92,69,40,3.6,FJ,1718010898
409,hadibu,12.65,54.0333,30.6,65,36,10.16,YE,1718010898
410,coalcoman de vazquez pallares,18.7833,-103.15,20.13,58,33,0.75,MX,1718010898
411,dapa,9.7594,126.0531,28.97,72,100,1.07,PH,1718010898
412,sikasso,10.9167,-7.0,30.05,55,100,1.66,ML,1718010898
413,puerto baquerizo moreno,-0.9,-89.6,21.73,92,62,4.16,EC,1718010898
414,powell,40.1578,-83.0752,14.61,79,0,2.06,US,1718010752
415,gunnedah,-30.9833,150.25,12.82,68,97,1.37,AU,1718010898
416,qaisumah,28.3112,46.1273,45.98,6,0,4.12,SA,1718010898
417,tchintabaraden,15.8969,5.7985,37.12,28,0,8.69,NE,1718010898
418,san pedro pochutla,15.7333,-96.4667,25.55,81,100,1.25,MX,1718010898
419,lamarque,-39.423,-65.7021,9.75,58,64,3.57,AR,1718010898
420,zhangye,38.9342,100.4517,31.22,9,100,4.54,CN,1718010898
421,crucecita,-28.95,-58.9833,17.68,84,61,3.07,AR,1718010898
422,eduardo castex,-35.915,-64.2945,11.94,47,100,0.51,AR,1718010898
423,auki,-8.7676,160.7034,26.13,91,100,2.2,SB,1718010898
424,santa cruz,-17.8,-63.1667,20.7,94,2,6.17,BO,1718010814
425,dryden,49.7833,-92.7503,5.28,64,3,0.79,CA,1718010899
426,okha,53.5739,142.9478,6.25,95,100,4.02,RU,1718010899
427,bokhan,53.153,103.7714,22.52,40,78,4.49,RU,1718010899
428,mejit,10.2753,170.8646,28.5,81,16,9.35,MH,1718010899
429,kamikawa,43.84,142.7711,16.52,91,50,1.76,JP,1718010899
430,dwarka,22.2394,68.9678,31.2,70,1,7.28,IN,1718010899
431,karaton,-6.3424,106.1045,27.39,84,91,1.27,ID,1718010899
432,lensk,60.7253,114.9278,20.8,50,99,1.63,RU,1718010899
433,lerwick,60.1545,-1.1494,9.0,79,100,8.46,GB,1718010822
434,kone,-21.0595,164.8658,21.7,89,13,0.64,NC,1718010899
435,limon,10.0,-83.0333,25.59,85,91,2.62,CR,1718010876
436,iskateley,67.6803,53.1512,5.01,60,98,3.13,RU,1718010899
437,hailar,49.2,119.7,22.16,48,100,5.33,CN,1718010900
438,elliot,-31.3333,27.85,13.59,32,6,1.39,ZA,1718010900
439,holmen,43.9633,-91.2562,11.88,96,2,1.69,US,1718010636
440,flying fish cove,-10.4217,105.6791,26.82,89,100,4.63,CX,1718010900
441,cam ranh,11.9214,109.1591,32.98,55,40,11.83,VN,1718010900
442,rosetta,31.4044,30.4164,26.36,62,0,5.35,EG,1718010900
443,regina,50.4501,-104.6178,14.46,57,100,5.66,CA,1718010900
444,delogozda,41.2572,20.7236,23.38,69,0,2.06,MK,1718010900
445,queenstown,-31.8976,26.8753,14.35,38,9,2.83,ZA,1718010900
446,port alfred,-33.5906,26.891,21.21,64,4,0.89,ZA,1718010732
447,vorkuta,67.5,64.0,2.28,96,100,1.79,RU,1718010900
448,redencao,-4.2258,-38.7306,20.91,98,42,1.71,BR,1718010900
449,ughelli,5.4899,6.0074,28.65,75,100,2.6,NG,1718010900
450,ghadamis,30.1337,9.5007,41.27,6,28,7.56,LY,1718010900
451,floro,61.5996,5.0328,13.04,76,75,9.77,NO,1718010900
452,bryne,58.7354,5.6477,11.64,89,75,11.83,NO,1718010900
453,labasa,-16.4167,179.3833,21.85,82,100,3.45,FJ,1718010900
454,rio branco,-9.9747,-67.81,22.34,100,0,0.0,BR,1718010722
455,gwadar,25.1216,62.3254,31.34,72,0,7.21,PK,1718010900
456,annau,37.8876,58.516,39.31,9,0,1.87,TM,1718010901
457,bor,56.3567,44.0669,23.96,53,84,1.73,RU,1718010901
458,ust-tsilma,65.441,52.1498,6.45,87,100,1.79,RU,1718010901
459,lashio,22.9333,97.75,29.34,66,95,0.15,MM,1718010901
460,pangkalpinang,-2.1333,106.1333,29.83,75,97,2.89,ID,1718010901
461,north bend,43.4065,-124.2243,12.91,87,100,2.57,US,1718010901
462,igbeti,8.75,4.1333,29.28,59,88,5.16,NG,1718010901
463,salo,45.6086,10.531,25.77,72,25,2.56,IT,1718010901
464,tosontsengel,48.7567,98.2839,19.7,38,80,7.59,MN,1718010901
465,corning,42.1428,-77.0547,12.63,89,75,0.0,US,1718010662
466,slave lake,55.2834,-114.769,7.99,87,100,1.54,CA,1718010901
467,usinsk,65.9939,57.5281,7.26,92,100,5.81,RU,1718010901
468,billiri,9.8647,11.2253,28.42,60,43,7.37,NG,1718010901
469,broken hill,-31.95,141.4333,14.38,51,7,4.12,AU,1718010902
470,kolokani,13.5728,-8.0339,33.37,39,40,4.08,ML,1718010902
471,katsuura,35.1333,140.3,20.99,84,100,3.52,JP,1718010903
472,keskin,39.6731,33.6136,23.16,36,1,2.54,TR,1718010903
473,bay roberts,47.5999,-53.2648,12.51,97,100,2.24,CA,1718010903
474,corowa,-36.0333,146.3833,8.01,74,100,1.35,AU,1718010903
475,rongelap,11.1635,166.8941,28.42,82,86,7.39,MH,1718010903
476,namanga,-2.5433,36.7905,22.66,50,70,4.69,KE,1718010903
477,savalou,7.9281,1.9756,29.7,62,100,3.89,BJ,1718010903
478,marsabit,2.3284,37.9899,23.82,49,37,7.44,KE,1718010903
479,weiser,44.251,-116.9693,16.11,76,0,2.3,US,1718010904
480,dickinson,29.4608,-95.0513,27.84,92,20,0.0,US,1718010779
481,quang ngai,15.1167,108.8,28.17,86,97,3.28,VN,1718010724
482,sola,-13.8833,167.55,26.57,87,98,6.29,VU,1718010904
483,xilin hot,43.9667,116.0333,27.09,24,91,9.27,CN,1718010904
484,viedma,-40.8135,-62.9967,8.82,76,43,2.89,AR,1718010748
485,chanda,19.95,79.3,40.06,30,68,1.75,IN,1718010904
486,portland,45.5234,-122.6762,13.12,84,0,2.06,US,1718010833
487,palmer,42.1584,-72.3287,13.78,76,47,1.56,US,1718010904
488,namdrik,5.5994,168.1028,29.15,77,12,7.17,MH,1718010905
489,colinas,-6.0258,-44.2492,20.94,72,13,1.42,BR,1718010905
490,kingscliff,-28.2667,153.5667,15.43,67,0,3.09,AU,1718010905
491,selibaby,15.159,-12.1829,32.58,38,86,7.3,MR,1718010905
492,kingston,17.997,-76.7936,24.14,94,100,1.72,JM,1718010740
493,forster,-32.1667,152.5167,9.6,91,22,4.76,AU,1718010905
494,kurmuk,10.55,34.2833,23.69,83,100,2.15,SD,1718010905
495,kailua-kona,19.6406,-155.9956,26.98,88,100,3.6,US,1718010905
496,kuala tungkal,-0.8167,103.4667,28.05,84,100,1.8,ID,1718010905
497,tralee,52.2704,-9.7026,12.14,76,75,2.57,IE,1718010905
498,kismayo,-0.3582,42.5454,28.76,64,13,8.56,SO,1718010905
499,summerside,46.3959,-63.7876,14.07,100,94,6.17,CA,1718010905
500,xiulin,29.7167,112.4,28.99,63,19,2.38,CN,1718010905
501,sabzevar,36.2126,57.6819,34.6,10,0,2.07,IR,1718010905
502,mel'nikovo,56.5558,84.085,21.98,40,17,2.73,RU,1718010905
503,yei,4.095,30.6779,28.4,52,73,0.98,SS,1718010906
504,lib,8.3122,167.3766,28.73,81,11,7.09,MH,1718010906
505,maloye ganyushkino,46.6,49.2667,32.16,28,96,5.54,KZ,1718010906
506,crane,31.3974,-102.3501,22.11,79,38,7.31,US,1718010906
507,kataba,13.9833,44.3833,26.89,30,25,3.42,YE,1718010906
508,serik,36.9169,31.0989,36.14,24,0,3.18,TR,1718010906
509,ak'ordat,15.5486,37.8867,33.78,34,28,1.87,ER,1718010906
510,labytnangi,66.6572,66.4183,20.21,49,100,2.79,RU,1718010906
511,san borja,-14.8167,-66.85,18.94,77,8,1.28,BO,1718010906
512,souillac,-20.5167,57.5167,26.3,69,75,5.14,MU,1718010906
513,belmonte,-15.8631,-38.8828,23.94,69,98,2.48,BR,1718010906
514,north battleford,52.7834,-108.2847,6.28,83,78,4.51,CA,1718010906
515,labrador city,52.9463,-66.9114,13.99,76,100,0.45,CA,1718010670
516,waliso,8.5333,37.9833,23.54,50,91,3.36,ET,1718010907
517,cumberland,35.0502,-78.8664,21.38,87,40,3.09,US,1718010907
518,apolinario saravia,-24.4328,-63.9954,19.07,57,92,5.65,AR,1718010907
519,ryotsu-minato,38.0833,138.4333,19.75,81,15,0.6,JP,1718010907
520,tongren,27.7172,109.1853,22.64,94,97,0.47,CN,1718010907
521,kikwit,-5.041,18.8162,31.87,22,28,3.7,CD,1718010907
522,buloh kasap,2.5536,102.764,29.94,74,100,1.99,MY,1718010907
523,gaspe,48.8334,-64.4819,10.12,100,100,1.54,CA,1718010842
524,tommot,58.9564,126.2925,16.92,70,89,4.06,RU,1718010907
525,cannonvale,-20.2833,148.7,20.66,65,4,4.06,AU,1718010907
526,freeport,40.6576,-73.5832,18.33,68,0,6.69,US,1718010907
527,cooper's town,26.8667,-77.5167,28.76,72,3,7.97,BS,1718010907
528,fuglafjordur,62.244,-6.814,5.26,81,100,10.63,FO,1718010907
529,tinogasta,-28.0632,-67.5649,9.48,53,0,0.79,AR,1718010908
530,arraial do cabo,-22.9661,-42.0278,20.92,100,0,2.57,BR,1718010908
531,neya,58.2972,43.8681,23.16,37,93,3.23,RU,1718010908
532,fergus falls,46.283,-96.0776,10.59,96,0,2.57,US,1718010908
533,chaplygin,53.2432,39.9629,24.52,49,50,3.07,RU,1718010908
534,la dorada,5.4478,-74.6631,23.15,98,100,1.18,CO,1718010908
535,tabou,4.423,-7.3528,26.43,85,83,2.5,CI,1718010908
536,tionk essil,12.7856,-16.5217,27.98,67,100,2.6,SN,1718010908
537,darwin,-12.4611,130.8418,28.99,54,0,1.03,AU,1718010908
538,pachino,36.7186,15.0907,24.22,62,65,5.05,IT,1718010908
539,oranjemund,-28.55,16.4333,22.96,32,44,9.46,NA,1718010908
540,erenhot,43.6475,111.9767,32.65,12,76,7.66,CN,1718010908
541,saeby,57.3319,10.5225,13.31,82,100,10.81,DK,1718010908
542,kuta,-8.7233,115.1723,27.97,83,20,7.72,ID,1718010908
543,abbeville,50.1,1.8333,14.16,93,100,7.39,FR,1718010908
544,kirensk,57.7853,108.1119,22.2,31,97,1.79,RU,1718010909
545,papao,-17.75,-149.55,23.82,85,96,4.88,PF,1718010909
546,kutum,14.2,24.6667,32.94,25,52,2.97,SD,1718010909
